amplitudeEnvelope,RMSE,ZCR,spectralCentroid,spectralBandwidth,spectralRolloff,MFCC1,MFCC2,MFCC3,MFCC4,MFCC5,MFCC6,MFCC7,MFCC8,MFCC9,MFCC10,MFCC11,MFCC12,MFCC13,MFCC14,MFCC15,MFCC16,MFCC17,MFCC18,MFCC19,MFCC20,intelligence
0.8942748,0.6922671,0.09274874,0.15395772,0.24395043,0.20481928,0.8634939,0.65723157,0.108693205,0.36711982,0.6057852,0.25788388,0.3895814,0.50615215,0.70351255,0.85330963,0.54354566,0.708119,0.3242449,0.60449094,0.29468688,0.13537423,0.35580212,0.40659544,0.7318883,0.46953943,1
0.93976563,0.68030435,0.09443507,0.15317343,0.2227862,0.20481928,0.86380714,0.6620381,0.09654194,0.3752896,0.5874247,0.23259452,0.48096162,0.5366453,0.6665746,0.9315841,0.557402,0.67773074,0.30241832,0.6550161,0.32847968,0.27773395,0.33465472,0.46907932,0.6733421,0.36591777,1
0.99105304,0.7068552,0.09443507,0.15329245,0.20395222,0.22168675,0.8763414,0.67498285,0.08205483,0.3725696,0.5246741,0.2367796,0.5803374,0.54808193,0.62195444,0.97248083,0.5028443,0.6440297,0.2573565,0.615243,0.41180354,0.28403905,0.3373415,0.52814823,0.7018893,0.35690293,1
0.99105304,0.7606229,0.0910624,0.14801568,0.21686268,0.20481928,0.9087064,0.7092591,0.15466382,0.3989708,0.47226244,0.2629199,0.5832824,0.4058266,0.59122026,0.94128835,0.5493355,0.748958,0.30097252,0.5580289,0.52000785,0.28137356,0.18821745,0.53774816,0.6018605,0.47902632,1
0.4772966,0.6103977,0.060708262,0.12850374,0.2217465,0.17108434,0.8962342,0.7733841,0.27534273,0.4443206,0.5388118,0.35250765,0.5126194,0.30162826,0.5777134,0.81180596,0.57621115,0.7285787,0.36838204,0.51647484,0.61888367,0.3070826,0.0,0.56542623,0.501214,0.5358789,1
0.04914521,0.23121674,0.05564924,0.13928282,0.4406666,0.19277108,0.73434246,0.80262065,0.42464516,0.4402832,0.60754967,0.5023264,0.45732933,0.4297109,0.6134314,0.7364152,0.6638327,0.6096364,0.44834515,0.5244147,0.7872903,0.38020557,0.0023011495,0.5992095,0.41069618,0.47340098,1
0.02574873,0.042341337,0.08600337,0.23501068,0.63716096,0.4698795,0.43488616,0.66862017,0.6158983,0.42093024,0.65460855,0.6899138,0.48246834,0.62371594,0.81091756,0.70671433,0.8578442,0.60691935,0.3636794,0.56330144,0.6427581,0.48236847,0.31317574,0.5162662,0.5369755,0.5194625,1
0.02574873,0.025763383,0.08600337,0.20146519,0.594031,0.36385542,0.341316,0.62918514,0.63613385,0.41902596,0.628767,0.61362404,0.35931048,0.48174435,0.6027442,0.53293234,0.79372936,0.55503666,0.37580496,0.62407017,0.6717907,0.5050248,0.3782875,0.29961973,0.47433302,0.51717263,1
0.04280254,0.02380776,0.07251265,0.25495085,0.68159866,0.5759036,0.32460308,0.57474685,0.6376862,0.43234402,0.6000363,0.62218934,0.31724593,0.4642635,0.528325,0.3677117,0.7471643,0.6074647,0.41239727,0.70408463,0.63779956,0.47512862,0.31796592,0.17609711,0.391093,0.55991745,1
0.06275465,0.020496586,0.14839798,0.39072075,0.82479537,0.7686747,0.49302778,0.3190179,0.56291264,0.5364085,0.5413238,0.5433519,0.31502,0.6099898,0.5436585,0.3727094,0.66965526,0.7867625,0.49753457,0.7067071,0.53515387,0.63557464,0.45622885,0.344796,0.484657,0.83772564,1
0.55042636,0.046240047,0.49241146,0.7214074,0.74989533,0.8939759,0.72604257,0.30788788,0.6053655,0.6188944,0.6193813,0.58772206,0.29513875,0.61362225,0.5839052,0.40258366,0.5663462,0.6386637,0.32186967,0.5846488,0.6026545,0.58719677,0.40247905,0.34804183,0.56173307,0.72630805,1
0.5883984,0.31416327,0.4232715,0.29890633,0.7131187,0.6771084,0.8655592,0.52355397,0.5634572,0.5303636,0.65832037,0.65052676,0.22388178,0.38313156,0.45737588,0.41717172,0.51227343,0.574836,0.3160789,0.5041033,0.6388699,0.680999,0.3992547,0.24597603,0.5999582,0.6485189,1
0.5883984,0.5586517,0.059021924,0.11143572,0.25272205,0.15662651,0.81592697,0.71474123,0.4120938,0.44211122,0.7613818,0.62764895,0.24711357,0.1791153,0.44093823,0.62439144,0.41391343,0.49860576,0.531285,0.4859299,0.4327298,0.8680013,0.38218802,0.1484091,0.70872766,0.61780286,1
0.58466,0.6262788,0.042158514,0.104272254,0.23534521,0.1493976,0.7285159,0.7415872,0.3319364,0.32307667,0.86676586,0.57260966,0.36170137,0.030219855,0.43873405,0.85775834,0.3709219,0.59905165,0.6244745,0.58288103,0.3501498,0.85553944,0.48394758,0.09741297,0.6513921,0.5470736,1
0.58466,0.59216577,0.05733558,0.104161054,0.22596762,0.14698794,0.69683355,0.7610827,0.35047618,0.2360453,0.9241464,0.65768677,0.35181975,0.013266103,0.45364568,0.90353745,0.3995449,0.5514992,0.52878624,0.60898185,0.42589846,0.6867037,0.52042496,0.16160868,0.6547954,0.51768327,1
0.5774772,0.59094346,0.07082631,0.107687496,0.22260565,0.14698794,0.6841137,0.77217275,0.35575166,0.17649984,0.9179245,0.7060402,0.29060018,0.03396858,0.41543376,0.84781045,0.4264935,0.57955784,0.53672224,0.71961975,0.48432666,0.5587798,0.47470754,0.14115717,0.5754125,0.581544,1
0.5799135,0.555855,0.08094435,0.10105795,0.17949213,0.14698794,0.6671713,0.7982132,0.3601152,0.16526946,0.89711934,0.70300686,0.31323004,0.05272582,0.3845994,0.8306436,0.44656634,0.5434597,0.60523707,0.7618591,0.45236874,0.54298663,0.44576746,0.17023784,0.5462435,0.61346924,1
0.64010584,0.5196366,0.08431703,0.096454404,0.15956552,0.14216867,0.65636104,0.8206248,0.3710848,0.15486401,0.8634468,0.74440485,0.316135,0.14087337,0.2695257,0.8402308,0.46626008,0.54122853,0.58412194,0.7148758,0.5469595,0.46927127,0.5019797,0.28710803,0.5500852,0.5330956,1
0.66283023,0.5548346,0.09274874,0.09705991,0.15385032,0.13253012,0.6552872,0.81543,0.38530588,0.121490575,0.83412147,0.7699953,0.33543706,0.18135455,0.25713855,0.8404798,0.48077613,0.63096625,0.571219,0.5668238,0.6237008,0.46314013,0.51901996,0.38984224,0.50628716,0.36906967,1
0.67328936,0.573655,0.09274874,0.10490469,0.19675122,0.13253012,0.6748487,0.80626535,0.36012995,0.079769164,0.82529396,0.7499237,0.41778046,0.15073791,0.27378306,0.8080206,0.45853066,0.7206058,0.64040303,0.5025656,0.5615185,0.53266543,0.58545846,0.45800674,0.5579768,0.35356343,1
0.67328936,0.5566976,0.07925801,0.10542017,0.20123841,0.13012049,0.6987133,0.82739526,0.35018963,0.06305319,0.76157343,0.7302319,0.48032346,0.08899734,0.26532438,0.7967497,0.38348952,0.74375904,0.7527381,0.5661324,0.5275657,0.51751065,0.5850402,0.5152447,0.49132815,0.3628176,1
0.5920948,0.5354889,0.07419899,0.1003873,0.16075177,0.13012049,0.6926288,0.83055717,0.33707008,0.07941145,0.6979566,0.7474513,0.510435,0.09694266,0.21594161,0.80884653,0.39153668,0.74263525,0.76660216,0.57126933,0.5678573,0.5773877,0.61834,0.5752613,0.43410063,0.37614846,1
0.481287,0.474393,0.069139965,0.09196846,0.15212423,0.12530121,0.6520191,0.8059275,0.3616272,0.13289113,0.65352106,0.7584015,0.4706903,0.016257087,0.20427386,0.75835943,0.43260834,0.67823344,0.70255697,0.5690693,0.55041933,0.5548972,0.6398319,0.6658895,0.4644279,0.3586737,1
0.42710128,0.3999868,0.07082631,0.07884925,0.13108769,0.110843375,0.6321915,0.8114361,0.41082796,0.15468088,0.5750669,0.79241025,0.51052386,0.026790915,0.2327338,0.5992781,0.4811839,0.66922545,0.621248,0.5373533,0.49310318,0.5289345,0.45564952,0.6555831,0.53589547,0.39295408,1
0.3171336,0.3272669,0.05059022,0.06920054,0.13396704,0.09638554,0.60581785,0.8413204,0.49786997,0.19849178,0.50232273,0.8459086,0.64512867,0.16735339,0.28939262,0.41048634,0.5322313,0.70384574,0.6099459,0.48005944,0.48274207,0.47339928,0.30149084,0.5290627,0.65567267,0.56006265,1
0.10723737,0.21334364,0.02529511,0.054686986,0.17261529,0.077108435,0.52978766,0.9006356,0.63618535,0.32444388,0.5360392,0.84088373,0.7793554,0.430793,0.38094592,0.2978855,0.5122199,0.6900781,0.58808124,0.50077,0.4779351,0.43689084,0.32584447,0.5117364,0.7666485,0.6110081,1
0.030453227,0.09361498,0.040472176,0.048577618,0.19766341,0.055421688,0.39666197,0.85671216,0.6650216,0.4757614,0.68724567,0.7714247,0.7139855,0.68826413,0.5993799,0.14390238,0.5212474,0.5405994,0.6391843,0.54569095,0.38843873,0.65984863,0.6727789,0.45277998,0.65528077,0.6077719,1
0.011467216,0.026985219,0.05564924,0.1674031,0.39954534,0.24096386,0.3363735,0.74088115,0.5696059,0.50941247,0.7441797,0.6926161,0.50077194,0.642534,0.68791217,0.19237843,0.6724366,0.67291296,0.7534977,0.5822987,0.3970906,0.77135235,0.7803269,0.5280301,0.52469903,0.5710993,1
0.010207082,0.013385832,0.0455312,0.094380796,0.28404137,0.110843375,0.24229228,0.6879756,0.6452467,0.4542852,0.678189,0.6442448,0.4728225,0.62079525,0.68890786,0.1843001,0.6907565,0.6596967,0.6333712,0.606617,0.42144048,0.6287396,0.7352862,0.5915557,0.58609504,0.7253471,1
0.014407528,0.012079759,0.0455312,0.101301596,0.32945704,0.110843375,0.17222069,0.64425457,0.7816366,0.4651159,0.54141635,0.6542191,0.5952753,0.5407188,0.5332471,0.18830022,0.76740444,0.59816164,0.49151286,0.6801389,0.6127713,0.63818383,0.7046194,0.6536324,0.5327069,0.5878662,1
0.30239004,0.0109424805,0.09780776,0.15374061,0.43861744,0.26506025,0.3552795,0.7199596,0.42419568,0.3427822,0.41386777,0.5013682,0.8841255,0.6343206,0.37806258,0.37790263,0.8905435,0.6703538,0.48096588,0.44195953,0.41685435,0.47325122,0.5377845,0.75645113,0.5454976,0.2674846,1
0.6188096,0.11972037,0.12984823,0.16380614,0.24317525,0.25783134,0.63457996,0.8462927,0.25460774,0.36871842,0.34719774,0.32797658,0.9039967,0.77585965,0.32798228,0.5211367,0.85657555,0.76188284,0.5409903,0.33656058,0.23496024,0.5172445,0.4072054,0.5999525,0.6215664,0.14221528,1
0.7323476,0.3428225,0.10118044,0.1185647,0.10596686,0.17590362,0.7421407,0.90376306,0.22520307,0.35892573,0.3111564,0.2324334,0.86900085,0.799767,0.30031905,0.49976155,0.83373976,0.7446414,0.6698948,0.3341204,0.1416217,0.528634,0.3081653,0.4603903,0.67319643,0.10529194,1
0.7323476,0.49003217,0.07082631,0.08564391,0.062072635,0.084337346,0.7635978,0.9751785,0.3335185,0.37139738,0.34569746,0.18710758,0.85022354,0.81536657,0.32735896,0.4149645,0.7213648,0.69733506,0.83925337,0.44983363,0.24177468,0.55717534,0.25205517,0.25270408,0.8480623,0.2931294,1
0.059772335,0.37319195,0.05059022,0.057101466,0.060398147,0.077108435,0.6855467,1.0,0.49600515,0.42212555,0.39516762,0.26568243,0.84054977,0.9138109,0.42681274,0.35718873,0.6234938,0.64915866,0.9543533,0.532648,0.4251672,0.6754654,0.21380985,0.19028585,0.912858,0.46436882,1
0.012895367,0.05211791,0.06745362,0.17159298,0.5615858,0.33975902,0.46647444,0.87474287,0.69006145,0.43813154,0.4796697,0.49243033,0.72748286,0.89477664,0.5911497,0.41134322,0.6210337,0.67843866,0.9737324,0.6858196,0.64669526,0.7229325,0.31643906,0.2756838,0.93233347,0.66220397,1
0.00613265,0.0107234195,0.10455312,0.21148,0.5669238,0.38554215,0.2251296,0.6571724,0.7146177,0.4268025,0.4659723,0.5639867,0.62322116,0.7311817,0.6862908,0.47932875,0.8491807,0.8738176,0.892778,0.8557194,0.70798135,0.55120486,0.64165604,0.71680826,0.9321749,0.7598872,1
0.00613265,0.0054922667,0.11298482,0.18324453,0.5177326,0.28674698,0.14869225,0.5876833,0.6920633,0.35549644,0.4205341,0.54846853,0.5146048,0.5605623,0.62837976,0.24766731,0.76185495,0.6741352,0.68405503,0.8498746,0.6791834,0.59903175,0.6607395,0.7174971,0.7215098,0.7520357,1
0.018733986,0.0050319117,0.11467116,0.2330191,0.626155,0.44096386,0.1402624,0.56997406,0.6755921,0.34586394,0.407911,0.51231587,0.4457725,0.5280267,0.6731108,0.3293876,0.7793243,0.57866925,0.53557587,0.7454558,0.6612804,0.62299156,0.6354254,0.6252972,0.6072921,0.63187945,1
0.40042844,0.009635278,0.17200674,0.3337635,0.8247281,0.7493976,0.37391123,0.54387766,0.6451276,0.4246142,0.6005447,0.49655282,0.42349863,0.77154803,0.6657914,0.42282215,0.6517998,0.38675457,0.53408563,0.6782799,0.36298084,0.4296771,0.47343013,0.70662075,0.55589694,0.6780437,1
0.5576931,0.18967964,0.14671163,0.2836031,0.74796635,0.66746986,0.6057859,0.6964128,0.74601245,0.47625905,0.49640778,0.33461818,0.25765932,0.66047233,0.5769736,0.5063213,0.6169789,0.35384527,0.5914322,0.65045446,0.24505652,0.37958893,0.3234438,0.52618915,0.46274886,0.6280201,1
0.7239888,0.42678797,0.05227656,0.050781507,0.11735334,0.036144577,0.6211558,0.8133334,0.78029794,0.48764506,0.34843755,0.20456672,0.29043317,0.6229871,0.47998035,0.6492958,0.62192357,0.3035678,0.62396514,0.53849435,0.25567922,0.4728734,0.41130668,0.34587693,0.49366742,0.47866458,1
0.7822489,0.63339686,0.043844856,0.049694315,0.08909447,0.043373495,0.57507443,0.8314028,0.7662404,0.41459277,0.23502241,0.13588536,0.34659284,0.58003914,0.3642928,0.67835057,0.6373499,0.3955327,0.5887061,0.3724318,0.38707283,0.4484151,0.5140889,0.24435128,0.7582105,0.30268735,1
0.86751795,0.7572024,0.060708262,0.066611394,0.15079525,0.05060241,0.6105016,0.7741271,0.6855131,0.26936066,0.19939181,0.17238353,0.255535,0.6092489,0.5231056,0.6190887,0.37769696,0.44844466,0.5839173,0.21766916,0.47796303,0.61594725,0.44133326,0.17004523,0.7547001,0.14371645,1
0.8990633,0.8408369,0.06745362,0.08454366,0.18643993,0.055421688,0.68246895,0.75414634,0.6158075,0.1587114,0.21403365,0.2957608,0.3033576,0.5730367,0.5691499,0.75980586,0.16460207,0.47957596,0.8056644,0.35777318,0.568492,0.66706425,0.3916637,0.21897753,0.5315364,0.0,1
0.8990633,0.848891,0.06576729,0.11898217,0.31371313,0.07951807,0.7166436,0.72167045,0.57844573,0.08107668,0.2676966,0.44109678,0.44901964,0.4570456,0.5188544,0.91914433,0.08322354,0.54157585,0.8829653,0.5487825,0.60553753,0.46145192,0.41722536,0.36057898,0.5196768,0.044948716,1
0.86365354,0.7909354,0.06745362,0.12514368,0.31208146,0.10843374,0.73104805,0.7273755,0.54393923,0.04455794,0.32343838,0.54762274,0.5715289,0.33198076,0.352766,0.9032933,0.09184406,0.5945778,0.8270807,0.55343205,0.6122518,0.23122317,0.2717232,0.48450112,0.6239428,0.19057247,1
0.69412357,0.6660284,0.060708262,0.116599225,0.2988736,0.10361446,0.72634155,0.75546026,0.5331422,0.06963528,0.33998844,0.57230574,0.6130654,0.30899426,0.24410181,0.742796,0.10057067,0.5141356,0.6556284,0.5401145,0.68789345,0.24920696,0.13604732,0.50298285,0.5466693,0.3142532,1
0.23375478,0.44536832,0.038785834,0.079425685,0.20100497,0.091566265,0.68862724,0.7919393,0.52179813,0.18763939,0.36739352,0.5770476,0.4766877,0.37668514,0.37209758,0.50497544,0.25527802,0.46968964,0.44670072,0.5049514,0.58599156,0.28263623,0.15770416,0.45862448,0.4209187,0.26275545,1
0.2339648,0.32043186,0.02866779,0.0641604,0.24790058,0.0746988,0.59721035,0.76645666,0.5610874,0.32892528,0.38108712,0.6487929,0.470602,0.50140023,0.6490777,0.30364063,0.42883262,0.39489967,0.29331988,0.39533937,0.39054307,0.22146764,0.21268101,0.46215427,0.36081034,0.378023,1
0.57865334,0.33982843,0.030354131,0.087911665,0.32215104,0.09638554,0.6170862,0.70755386,0.6052933,0.40044966,0.41583154,0.71832955,0.44974425,0.5355946,0.67686385,0.31990266,0.5360893,0.37350053,0.27206153,0.41007963,0.26482567,0.28582492,0.1922868,0.4716857,0.42319074,0.41944182,1
0.8146343,0.41156122,0.040472176,0.08843674,0.27306354,0.08915663,0.6947653,0.7262344,0.5513354,0.36053813,0.3511115,0.6622798,0.5208237,0.47627237,0.580382,0.26117843,0.43949038,0.442797,0.46837437,0.4965584,0.329215,0.35476372,0.07323128,0.5107377,0.5430478,0.4723762,1
0.9087663,0.5774784,0.059021924,0.09180585,0.21990608,0.091566265,0.7767628,0.7732623,0.47477305,0.23317517,0.3402306,0.7348293,0.61041224,0.3497048,0.46450412,0.37457323,0.44482538,0.6291607,0.6237416,0.5764087,0.39738056,0.3994199,0.05364879,0.54038477,0.5438523,0.39611334,1
0.9087663,0.6774032,0.062394604,0.101929665,0.20193362,0.10843374,0.841115,0.81919754,0.4380555,0.10067751,0.30439714,0.8192585,0.592441,0.19411416,0.3742423,0.5165689,0.44818464,0.71084654,0.6634926,0.5555879,0.4428563,0.48866904,0.1701572,0.52499735,0.5542345,0.36298555,1
0.7044567,0.56191885,0.05564924,0.10028568,0.16633299,0.11566265,0.83184034,0.8711354,0.48768696,0.12282562,0.39190978,0.9294727,0.59379834,0.12461043,0.32945874,0.5157224,0.51728475,0.7249426,0.53972065,0.5377144,0.53773814,0.5264865,0.34453923,0.5363363,0.51439744,0.38374832,1
0.05771412,0.29010034,0.047217537,0.09605203,0.23903929,0.12289157,0.69162863,0.89391875,0.5402519,0.18254599,0.49250656,1.0,0.65128005,0.2258451,0.37626886,0.41483003,0.6119639,0.7514328,0.44805384,0.5744955,0.6963232,0.5716211,0.41309837,0.51547354,0.50127095,0.42399678,1
0.019280044,0.047112886,0.060708262,0.10426239,0.30950215,0.118072286,0.38928866,0.8421962,0.62793785,0.30400866,0.57979286,0.95044935,0.7034279,0.35472566,0.5498544,0.40050834,0.69672483,0.6996609,0.52505636,0.6969195,0.8989323,0.675588,0.5207305,0.43561333,0.49024668,0.49155018,1
0.09194775,0.016235692,0.07251265,0.1300221,0.3791053,0.12289157,0.23750512,0.7220427,0.68532014,0.3109358,0.53131306,0.77692807,0.5696742,0.34196708,0.44435656,0.23596868,0.8254015,0.72183913,0.5695004,0.7030044,0.6677854,0.74550086,0.741584,0.5281856,0.37584075,0.5030485,1
0.1028269,0.015394266,0.11804385,0.20878401,0.5683814,0.37831324,0.48349294,0.45550263,0.32761565,0.45122638,0.62149906,0.5401038,0.37972462,0.49708802,0.61626875,0.30765396,0.59588647,0.7590324,0.45207387,0.7517387,0.56521666,0.59962225,0.52454484,0.6258912,0.556,0.6388131,1
0.11752846,0.052894227,0.23946036,0.41208443,0.6436784,0.6650602,0.7069457,0.37974763,0.27436405,0.44368926,0.47547963,0.5062119,0.29277143,0.576199,0.70348144,0.24616884,0.6074314,0.73148054,0.5051947,0.8226513,0.6374106,0.6582246,0.5886449,0.50918585,0.53887147,0.6303435,1
0.11752846,0.09622307,0.3524452,0.48321894,0.6247324,0.70120484,0.8219807,0.32457405,0.23093723,0.4195214,0.40909094,0.632195,0.28856754,0.57090515,0.64159566,0.31612238,0.7226807,0.6187053,0.4918675,0.852029,0.7464326,0.59295607,0.64513767,0.42263886,0.41517398,0.57733583,1
0.9128408,0.10929525,0.3372681,0.4737396,0.57268006,0.67469877,0.8681999,0.37948284,0.24464898,0.37867147,0.4033516,0.808833,0.49137285,0.6804585,0.6045681,0.45715672,0.78493756,0.5328806,0.32528085,0.7823838,0.61916363,0.33765694,0.45265746,0.33911663,0.25259748,0.5086744,1
1.0,0.42611358,0.20910624,0.19728908,0.4154185,0.28915662,0.9356584,0.687683,0.31491753,0.23006822,0.2451919,0.75528073,0.68775487,0.7616704,0.52253574,0.43009847,0.69777167,0.6285783,0.27565047,0.67884266,0.35441324,0.30749524,0.4366616,0.29533482,0.13597937,0.4541934,1
1.0,0.8634083,0.13322091,0.13731007,0.16501868,0.12289157,0.9549875,0.75659287,0.22049443,0.23289186,0.26243773,0.554066,0.92657894,0.7298657,0.47235838,0.4845728,0.6827106,0.6106603,0.3681983,0.56859577,0.26237127,0.40236947,0.52260673,0.34222546,0.20856057,0.39484593,1
0.7762003,1.0,0.13490725,0.15372297,0.1739279,0.14457831,0.9013007,0.6540839,0.16889608,0.22285262,0.22843646,0.5096872,0.9441651,0.818499,0.35295266,0.49586472,0.7488858,0.4226145,0.46596,0.5224561,0.24264812,0.49363637,0.6262525,0.67920434,0.5252729,0.26083556,1
0.6576637,0.8573097,0.13153458,0.14894007,0.203078,0.13975903,0.85254836,0.6233188,0.20216317,0.21971779,0.1801625,0.47677454,0.86505765,0.83478606,0.3419311,0.4997906,0.7684697,0.3204664,0.4747738,0.47524717,0.14915773,0.35877305,0.6425841,0.8173314,0.5715618,0.25384146,1
0.6576637,0.734468,0.11129848,0.15256204,0.24658683,0.15421687,0.8230823,0.59723663,0.28666785,0.22496678,0.10002693,0.46564478,0.856311,0.81795,0.3961758,0.61115783,0.76421255,0.35366324,0.6005451,0.5089486,0.17125072,0.31871548,0.6064968,0.7396399,0.567179,0.5190141,1
0.6104087,0.6645473,0.096121415,0.15660566,0.3255846,0.17590362,0.8072973,0.5936562,0.4215801,0.25772107,0.038437486,0.41176197,0.7590321,0.78502667,0.3799157,0.6370841,0.73995185,0.3674866,0.76581544,0.52372146,0.24692792,0.38368562,0.45685768,0.5259799,0.5268001,0.701027,1
0.48431134,0.55197483,0.082630694,0.14425899,0.34638372,0.17590362,0.7503394,0.60963446,0.53612053,0.29501432,0.0,0.37633404,0.67510724,0.6563958,0.35447657,0.6917645,0.69366354,0.28541842,0.831742,0.53732675,0.3318372,0.5207082,0.356438,0.36172304,0.38682264,0.6997483,1
0.35733187,0.37910742,0.069139965,0.119126216,0.3267737,0.08192771,0.6577802,0.65871274,0.6429661,0.3293072,0.05631889,0.4134295,0.6063846,0.5896362,0.38244927,0.6631857,0.5410804,0.2011596,0.8019665,0.5003659,0.45034942,0.6014196,0.3763035,0.3668196,0.38380647,0.6204038,1
0.50594366,0.29563043,0.059021924,0.12518612,0.37523928,0.09638554,0.6457485,0.66312224,0.6203462,0.3297016,0.16660845,0.49452373,0.5766008,0.6284491,0.44885957,0.52254087,0.47314364,0.42671478,0.74361926,0.460914,0.52168256,0.46301678,0.39261255,0.5033367,0.38686386,0.70296705,1
0.5104801,0.35911098,0.07251265,0.1447764,0.36397249,0.20240964,0.73327184,0.63617235,0.50078696,0.33216178,0.20955862,0.5470806,0.7357709,0.46031538,0.34554204,0.5126182,0.4223585,0.7733253,0.8972844,0.3875649,0.44875154,0.38458505,0.25978714,0.5485169,0.22100455,0.7631876,1
0.5104801,0.4119823,0.09274874,0.16932657,0.38746673,0.34698796,0.78700835,0.63836,0.4374815,0.38256785,0.272313,0.52419513,0.7939713,0.34315532,0.19626275,0.6006063,0.45191956,0.7489467,0.8915551,0.30935177,0.3462451,0.3834842,0.44149676,0.6389828,0.20380136,0.7602223,1
0.24896039,0.36462706,0.07251265,0.14352196,0.33692014,0.32048193,0.74588865,0.6836704,0.4440662,0.48225835,0.38459465,0.5461707,0.792855,0.34558153,0.17803974,0.6374255,0.47644103,0.5554619,0.71199304,0.20433155,0.3986561,0.46192428,0.56894785,0.58652925,0.19600424,0.63420594,1
0.3349015,0.3583747,0.040472176,0.059373852,0.19444342,0.091566265,0.62425387,0.74062103,0.4830744,0.5177398,0.46907398,0.60499394,0.6204269,0.36797926,0.42082876,0.5579179,0.5215263,0.45425054,0.4550082,0.0788924,0.2751307,0.50321615,0.5434831,0.48600355,0.19240516,0.56446165,1
0.5137985,0.38798556,0.030354131,0.04742358,0.1607637,0.055421688,0.6524678,0.7229126,0.42653495,0.61537194,0.6263736,0.5052184,0.42544433,0.31112015,0.5233064,0.56693625,0.47060752,0.22771746,0.52185357,0.3797816,0.19539687,0.43943876,0.5370023,0.5713758,0.13586807,0.5285343,1
0.5137985,0.42864153,0.07082631,0.1359984,0.30533722,0.27228916,0.7663989,0.6482178,0.3631136,0.6851918,0.67860055,0.3080168,0.4016104,0.3278699,0.63951993,0.48537514,0.31794155,0.3804088,0.6604859,0.48861936,0.18977544,0.44579563,0.507188,0.59228384,0.22755425,0.71046394,1
0.4971227,0.44374973,0.09780776,0.17101303,0.39197376,0.33734939,0.77264154,0.55823797,0.35688576,0.72033256,0.6606771,0.15802394,0.397304,0.42808455,0.69455844,0.35969648,0.32277873,0.7294968,0.60647565,0.33958393,0.25035644,0.39113155,0.4863214,0.5766596,0.23259228,0.6532885,1
0.49645063,0.43584868,0.07419899,0.18503535,0.4183634,0.3566265,0.7456032,0.48993054,0.37181148,0.7810947,0.6004978,0.08356096,0.47304636,0.5621666,0.6484706,0.2697124,0.40190834,0.8601434,0.4443994,0.18092722,0.35504147,0.45064157,0.3893624,0.51548016,0.31417853,0.6322886,1
0.49296427,0.4454368,0.05733558,0.18040317,0.4064115,0.33975902,0.72967374,0.48722076,0.4178019,0.8545442,0.60667384,0.007253071,0.53469753,0.6292517,0.5663256,0.18525176,0.449713,0.90915346,0.3657622,0.10963187,0.44593936,0.41810495,0.3419002,0.6580937,0.47233143,0.62352467,1
0.42122066,0.4440615,0.042158514,0.17634344,0.40620553,0.3180723,0.71321666,0.51389164,0.44102183,0.8689209,0.65689886,0.0,0.5699397,0.68327135,0.50202787,0.1398313,0.43900996,0.9957931,0.28243315,0.1073715,0.48605877,0.3856256,0.3927839,0.7825357,0.47528794,0.67419624,1
0.34107617,0.42421073,0.035413153,0.14753774,0.39112917,0.27228916,0.665419,0.53292936,0.4539945,0.8675712,0.72319573,0.035132863,0.5119888,0.6829026,0.53911096,0.1607602,0.4075218,1.0,0.28145608,0.17291492,0.5567885,0.3433494,0.35550487,0.7523096,0.48669034,0.79688025,1
0.29079682,0.37043247,0.02866779,0.118028685,0.33936104,0.2313253,0.6069134,0.5484778,0.4516695,0.836261,0.8245374,0.16856197,0.4230857,0.64833766,0.6139368,0.13154042,0.38907284,0.8862416,0.29326326,0.20464955,0.61558247,0.23814715,0.32929808,0.7264857,0.4591358,0.9085201,1
0.20170538,0.30430254,0.023608768,0.08025483,0.29220212,0.17349398,0.5472875,0.61996394,0.44193444,0.6913742,0.8323215,0.35689127,0.41177854,0.61099124,0.5994802,0.10564774,0.43360946,0.783554,0.2989036,0.23561193,0.5416049,0.17977597,0.34118718,0.6398305,0.5137507,0.854945,1
0.14596547,0.21699512,0.020236088,0.053580947,0.22926183,0.062650606,0.45599297,0.6937773,0.5163063,0.54999673,0.68832797,0.5650885,0.5917699,0.6129082,0.50796276,0.06560532,0.39051837,0.48453358,0.22400695,0.26681152,0.46883675,0.077672966,0.33644682,0.58597654,0.6342437,0.6181379,1
0.107321374,0.15711065,0.008431703,0.043190163,0.22337213,0.040963855,0.3688672,0.7300036,0.6706312,0.5339705,0.5717063,0.6419378,0.69412637,0.73237646,0.59107614,0.099162966,0.4511324,0.40164167,0.20586985,0.41882366,0.45614702,0.22536142,0.4382848,0.5548095,0.6890864,0.47952077,1
0.109547615,0.1347956,0.0,0.031840485,0.20281477,0.009638554,0.29046002,0.7106871,0.7814606,0.5999316,0.5753785,0.6338885,0.5649652,0.6548341,0.7103094,0.22357681,0.56464505,0.45640463,0.3178053,0.45445174,0.51867086,0.3945855,0.52989453,0.51340085,0.5286878,0.48071122,1
0.21733104,0.13517243,0.0,0.03435013,0.21724185,0.012048192,0.2810374,0.7088645,0.812607,0.6612543,0.6099587,0.6396422,0.56403947,0.6511437,0.7075117,0.26002768,0.64750856,0.5157553,0.42221418,0.43458533,0.42290023,0.37867874,0.45709997,0.48729092,0.5752718,0.4370236,1
0.43125972,0.17691278,0.0033726813,0.028195309,0.15470178,0.024096385,0.37735736,0.78300774,0.7428346,0.6380889,0.62107116,0.57667947,0.42224982,0.57621807,0.5776982,0.294783,0.68651974,0.5422597,0.5361915,0.3772628,0.31414992,0.323622,0.3746784,0.5610426,0.65577686,0.46833017,1
0.6283446,0.3019904,0.0151770655,0.029335165,0.10876858,0.021686748,0.50700736,0.859568,0.72960013,0.6089401,0.40983456,0.27023566,0.36321062,0.529824,0.47384116,0.5351172,0.6419198,0.35630217,0.58423346,0.4209163,0.41122398,0.5649902,0.3468507,0.30009797,0.5549893,0.3381251,1
0.6283446,0.49795017,0.05733558,0.050426528,0.06892378,0.040963855,0.6343805,0.8809468,0.60529155,0.541321,0.19387177,0.11179484,0.5760448,0.566977,0.47490177,0.7634588,0.52300555,0.27565923,0.6764866,0.4529056,0.41878307,0.7324354,0.36443266,0.101282544,0.58750534,0.3122592,1
0.6424581,0.5954341,0.0910624,0.08953413,0.106260456,0.072289154,0.70626956,0.8607125,0.4191048,0.41644657,0.13266157,0.19363919,0.74746203,0.6258387,0.4897953,0.814536,0.4837426,0.30078402,0.7217141,0.5107979,0.33903876,0.56817085,0.34412992,0.17172785,0.5503442,0.20468919,1
0.7058848,0.5541844,0.10118044,0.10112918,0.11556581,0.09638554,0.74983686,0.8071045,0.27611408,0.3143588,0.17711478,0.40338922,0.8869763,0.62753654,0.41736376,0.74740946,0.4684632,0.45519114,0.7868433,0.49410617,0.27983114,0.34157774,0.40322503,0.37895185,0.47096094,0.22073166,1
0.7058848,0.5638661,0.116357505,0.14002833,0.18907036,0.17590362,0.8010714,0.73937076,0.22103778,0.30628827,0.21926644,0.49763244,0.90263736,0.4822019,0.3031121,0.6770093,0.46934822,0.64070755,0.7133971,0.39204425,0.26989925,0.28334942,0.4579566,0.48389953,0.30150464,0.29983646,1
0.69286346,0.5847703,0.11973018,0.15806744,0.2574187,0.3060241,0.8234932,0.6987804,0.2763292,0.33664745,0.30926454,0.5398715,0.85120577,0.3409691,0.21519594,0.66947246,0.45613265,0.70811504,0.6728937,0.26677325,0.36891875,0.35390055,0.48642805,0.58736455,0.21897855,0.5180705,1
0.4680136,0.46722165,0.08431703,0.14860547,0.2985324,0.30843374,0.7947027,0.73315376,0.37669542,0.38066897,0.38289055,0.58429295,0.78118956,0.22500435,0.18737562,0.6865094,0.3833378,0.5722444,0.55257297,0.16517098,0.46614516,0.45900658,0.51601756,0.5711503,0.12178701,0.5503711,1
0.25345486,0.35303032,0.040472176,0.04250008,0.118747465,0.072289154,0.64560014,0.8040683,0.43745378,0.42703557,0.43527204,0.64828014,0.75176877,0.23123327,0.2970458,0.685577,0.36818993,0.47916824,0.49532348,0.1292677,0.38479632,0.3508268,0.5394053,0.53318065,0.13284124,0.54217863,1
0.25345486,0.35947183,0.030354131,0.020762453,0.0440318,0.036144577,0.46002793,0.8206885,0.51489705,0.4736256,0.57841736,0.7179159,0.629549,0.31320935,0.5772722,0.54234487,0.5017136,0.37592435,0.43622547,0.1715601,0.14022464,0.22132987,0.5577014,0.35326272,0.33035657,0.5632303,1
0.24391985,0.37438968,0.02866779,0.017636582,0.030559063,0.026506023,0.44485834,0.8293549,0.5377058,0.49242464,0.6135824,0.6631397,0.5568341,0.37127072,0.6034125,0.5143225,0.55307806,0.34690064,0.43757987,0.24626014,0.19331753,0.2774016,0.4977093,0.27905622,0.36135516,0.55182457,1
0.26072162,0.35064682,0.020236088,0.011560342,0.0,0.021686748,0.41960856,0.8447354,0.57878554,0.5108028,0.6204845,0.6296734,0.57659674,0.3431528,0.5942837,0.48850295,0.6063712,0.35943195,0.4394017,0.20272128,0.11650843,0.36141098,0.5382954,0.33875376,0.21375757,0.5489575,1
0.7625908,0.29423633,0.011804384,0.013931886,0.058003392,0.0072289156,0.5872217,0.7237277,0.6877275,0.5466752,0.39942825,0.61486787,0.5487335,0.5578388,0.24530217,0.40818554,0.5775417,0.54128915,0.6823204,0.33004153,0.087026656,0.58471817,0.3518388,0.5261181,0.14616385,0.44752443,1
0.7912379,0.5006498,0.030354131,0.14617908,0.41078582,0.30120483,0.8014868,0.68191475,0.58926505,0.49553454,0.22252129,0.48715577,0.65803075,0.48149875,0.0,0.5713174,0.5838195,0.744559,0.71121705,0.46817076,0.31114975,0.5114087,0.35645068,0.52595556,0.08716469,0.3876681,1
0.7912379,0.7243879,0.060708262,0.13235216,0.27029094,0.27951807,0.8580557,0.70982987,0.45233223,0.44928947,0.19948645,0.36892244,0.74700606,0.4886614,0.003173399,0.5413487,0.49868882,0.9246989,0.80259293,0.576466,0.47837535,0.38366798,0.3503006,0.4382527,0.22254913,0.39963907,1
0.6340572,0.67878604,0.06576729,0.09991695,0.18670797,0.09879518,0.8040641,0.76841897,0.35804072,0.415577,0.3120572,0.32393345,0.73815185,0.55762106,0.15392768,0.3953173,0.36517426,0.9457409,0.935092,0.64009935,0.49280435,0.3522047,0.28801033,0.27842504,0.5044393,0.49969807,1
0.4065191,0.45765275,0.05564924,0.059581023,0.09426634,0.07951807,0.6996452,0.87705106,0.41652316,0.28039145,0.42033967,0.43641078,0.5493264,0.63846415,0.3620806,0.38089508,0.2743354,0.5844626,0.8616238,0.53390485,0.44767922,0.4434918,0.29604894,0.19177088,0.6765712,0.49606735,1
0.18053514,0.27581394,0.032040473,0.04086389,0.062203128,0.060240965,0.535744,0.9777561,0.60075593,0.1762642,0.4631759,0.6178732,0.5095728,0.58818674,0.57531697,0.45376423,0.33102527,0.33106798,0.5849018,0.51933306,0.48982045,0.49229315,0.39120364,0.19501029,0.6405819,0.37706193,1
0.10492712,0.15932222,0.0067453627,0.013954403,0.045230497,0.028915662,0.37811968,0.9371781,0.76090676,0.2662496,0.48936486,0.7299803,0.59016556,0.6143274,0.7038335,0.35471722,0.5796978,0.29831782,0.33442682,0.59872025,0.6149353,0.5280254,0.4646765,0.22554149,0.4371584,0.38522375,1
0.27878356,0.1253357,0.0033726813,0.013829603,0.091780916,0.019277109,0.28894243,0.8433224,0.83890045,0.4162919,0.54917145,0.6897021,0.5661302,0.6167257,0.7555509,0.35305616,0.7019113,0.42715624,0.43679312,0.633475,0.44336888,0.3127093,0.3776276,0.33496538,0.375262,0.40962133,1
0.80257905,0.19175169,0.016863406,0.023561206,0.12020315,0.03373494,0.42154756,0.9197169,0.8356603,0.39429495,0.3497906,0.4288823,0.38031822,0.7045716,0.61264616,0.34499756,0.53067493,0.3353339,0.55566484,0.38300747,0.4819922,0.60221016,0.4688051,0.47727722,0.6884573,0.35202953,1
0.80257905,0.46985337,0.0455312,0.04188368,0.06838769,0.05060241,0.6963736,0.9154106,0.5504481,0.31404516,0.15700944,0.28062913,0.7109665,0.79595023,0.24986777,0.19789429,0.55679834,0.49686924,0.7413314,0.52654576,0.44384608,0.4323203,0.27829343,0.5319531,0.65450555,0.30694738,1
0.91069853,0.67339385,0.089376055,0.10241621,0.104250096,0.08915663,0.8607159,0.83547986,0.25765184,0.24190535,0.19038309,0.31917125,0.8340958,0.7426873,0.16521285,0.34869733,0.7204322,0.68206316,0.66912603,0.52041,0.3591019,0.46163848,0.2919609,0.57592106,0.5668987,0.25784138,1
0.91069853,0.69324934,0.11298482,0.15608136,0.16344902,0.2433735,0.91707796,0.7231243,0.056968994,0.23566362,0.29187158,0.4078417,0.8177618,0.80442786,0.32593152,0.6245364,0.8504001,0.60422695,0.5127797,0.42519805,0.29558527,0.50174093,0.1995778,0.5224863,0.6692425,0.40292314,1
0.77754444,0.6415066,0.10118044,0.17237858,0.20333566,0.24578314,0.9202776,0.6598727,0.0,0.28917885,0.41473886,0.3914027,0.51735723,0.752102,0.5586429,0.75038505,0.7620552,0.42840287,0.41391596,0.39503884,0.36138946,0.71935034,0.24954903,0.5849414,0.6787375,0.41305727,1
0.6017558,0.570885,0.08431703,0.16295482,0.2411144,0.22891566,0.9052815,0.65865326,0.10099891,0.38858798,0.4851353,0.25856444,0.19264513,0.6207959,0.7617178,0.5863571,0.6514606,0.6534878,0.5396915,0.39694095,0.3972111,0.5935856,0.21327612,0.55806047,0.5700623,0.49824437,1
0.6017558,0.5212878,0.064080946,0.16147123,0.28179386,0.24096386,0.8619268,0.62985015,0.24230248,0.61896217,0.5501989,0.12620512,0.07428467,0.51936775,0.67104363,0.28755423,0.5432037,0.891714,0.56208074,0.37795895,0.5982077,0.5206828,0.36709622,0.5914898,0.4667143,0.68300456,1
0.33695972,0.42963436,0.060708262,0.17707537,0.33064792,0.30361447,0.7894018,0.58522385,0.3148712,0.8125015,0.61904675,0.0934091,0.26538265,0.5531162,0.47760198,0.1117264,0.48582137,0.83045745,0.3893433,0.31958714,0.7302205,0.5348518,0.4158108,0.63714904,0.48402944,0.6577529,1
0.15986894,0.23959023,0.064080946,0.19786815,0.35287926,0.29156625,0.6671145,0.5720855,0.38920453,0.9130051,0.7040063,0.11438093,0.45275512,0.69795996,0.49786687,0.108124666,0.48306075,0.6392873,0.08761355,0.22433744,0.63930357,0.3280287,0.32590255,0.7332345,0.5702953,0.7534242,1
0.03444365,0.10884656,0.060708262,0.11915874,0.32926354,0.2554217,0.5189712,0.64643824,0.46695292,0.86089903,0.7183717,0.21331684,0.52747107,0.70028806,0.5931035,0.039681397,0.560479,0.54014134,0.0,0.30331165,0.62129194,0.24510197,0.39482918,0.6991948,0.44040275,0.532842,1
0.01650775,0.031560283,0.069139965,0.12103465,0.35051364,0.21686748,0.34385422,0.68614167,0.5625689,0.69632834,0.6337039,0.34494835,0.4792749,0.60922307,0.6160896,0.055946648,0.6075356,0.5929103,0.2584219,0.48133874,0.65956914,0.4406885,0.5390549,0.61827403,0.4120709,0.5089515,1
0.014323519,0.01688554,0.064080946,0.14338607,0.42616597,0.24096386,0.23415904,0.6531678,0.66755754,0.5324351,0.58571947,0.4564415,0.36462048,0.50081515,0.59618187,0.17445564,0.68468994,0.5447189,0.41397566,0.5672401,0.5799069,0.5622174,0.6064195,0.6137031,0.5676819,0.61006933,1
0.014659554,0.017902307,0.0539629,0.14952357,0.42302263,0.25060242,0.23047814,0.64690524,0.66042507,0.511588,0.5701234,0.45899314,0.316108,0.41854832,0.5830625,0.21671519,0.7046502,0.5789481,0.40258536,0.57742393,0.67189854,0.5145349,0.478801,0.52464235,0.475391,0.5983436,1
0.017515857,0.020787867,0.05227656,0.11252426,0.3515432,0.15180723,0.21211916,0.65292597,0.72112435,0.51768833,0.56308067,0.48901588,0.33214822,0.40231755,0.5732797,0.1950545,0.6632682,0.5159004,0.43281463,0.5902828,0.6421991,0.5799623,0.54268324,0.55017626,0.50084203,0.58741915,1
0.017515857,0.020340286,0.047217537,0.09951882,0.32220292,0.11325301,0.18358012,0.63683784,0.7591505,0.5113288,0.5460107,0.49223077,0.324618,0.3936974,0.55347776,0.16754751,0.64705163,0.47918385,0.4761176,0.6216648,0.59485364,0.63457626,0.59782916,0.48181543,0.40869755,0.5261857,1
0.0069307345,0.014217686,0.05564924,0.15230417,0.46329725,0.26506025,0.16013844,0.60511935,0.74899924,0.49892437,0.5562078,0.52993745,0.36693016,0.436716,0.5929185,0.22499858,0.69201,0.5126541,0.525072,0.697047,0.6570419,0.67298603,0.56516606,0.41997987,0.4336574,0.5669485,1
0.039316166,0.0077902605,0.07082631,0.18994482,0.5033556,0.31084338,0.1433192,0.5672394,0.6919757,0.4498533,0.55753195,0.5612259,0.39045691,0.51099813,0.71433854,0.35727304,0.76762164,0.5776701,0.5793504,0.7560463,0.61790836,0.60237485,0.62836194,0.5604291,0.5583771,0.66885,1
0.05573991,0.008644173,0.08768971,0.22180274,0.59070045,0.44578314,0.34811106,0.37297633,0.5935986,0.4893279,0.49251792,0.61289716,0.30762377,0.77687943,0.6628191,0.47217685,0.78090405,0.58229285,0.57641685,0.7835945,0.42868683,0.57243943,0.49171364,0.59958255,0.52165866,0.7469397,1
0.1999832,0.033700217,0.4890388,0.69280195,0.7776128,0.8746988,0.5689061,0.20315695,0.62845105,0.48240063,0.49783644,0.6840326,0.2804053,0.8384949,0.6780671,0.42354122,0.7252344,0.5259189,0.55699384,0.85498464,0.34650406,0.46740416,0.5399481,0.5949709,0.3808909,0.73510104,1
0.34305036,0.09797045,0.6391231,0.77588844,0.7206642,0.88433737,0.6744105,0.3085379,0.8109981,0.6603318,0.6054823,0.7205573,0.23940293,0.7633709,0.6009336,0.25578424,0.6095442,0.389502,0.48669857,0.75206184,0.1739316,0.360929,0.571332,0.5423267,0.19797361,0.60086244,1
0.34305036,0.251719,0.20573355,0.14538129,0.45072773,0.31084338,0.6941971,0.47815344,0.72311443,0.7740151,0.63471055,0.5890851,0.1989342,0.6746853,0.56756485,0.30699122,0.61731094,0.28473035,0.46221665,0.7534394,0.17309375,0.33099824,0.59036434,0.6002093,0.33012462,0.5248625,1
0.33557358,0.31734145,0.021922428,0.101886086,0.28854832,0.23373494,0.63632435,0.63285667,0.51163507,0.8486529,0.6957056,0.4482508,0.35522792,0.52333766,0.5992624,0.3230579,0.56346154,0.28897083,0.53626037,0.7092498,0.3214042,0.33911356,0.6901505,0.6213176,0.4300603,0.6407429,1
0.16646364,0.23827985,0.013490725,0.07855067,0.23091821,0.19277108,0.5745673,0.687183,0.5387372,0.89321303,0.7546646,0.44784594,0.4105253,0.6174016,0.6327917,0.27520484,0.55372334,0.2806476,0.480034,0.6560597,0.27715692,0.31229433,0.63668156,0.49750024,0.40639484,0.63048744,1
0.041290376,0.1126667,0.0067453627,0.059827633,0.31117842,0.03373494,0.4051495,0.66315895,0.67314816,0.9274438,0.81649846,0.5547745,0.41736338,0.7609642,0.71048146,0.25620648,0.6484716,0.3211804,0.4730423,0.68125516,0.28729185,0.2700329,0.65079826,0.58441854,0.4595975,0.57069594,1
0.041458394,0.044332292,0.047217537,0.15061831,0.5449651,0.38313252,0.27067354,0.5318732,0.8541354,0.8429783,0.7003251,0.78820044,0.457802,0.7153966,0.7034726,0.26358113,0.7244838,0.51890165,0.46094337,0.7279308,0.5646684,0.46330464,0.7157227,0.64015174,0.6017603,0.6649927,1
0.18784392,0.027720647,0.22259696,0.47096685,0.80109066,0.7445783,0.3892364,0.41559207,0.79008496,0.86259,0.5985079,0.74505997,0.5131797,0.7167725,0.68582124,0.27338114,0.70439583,0.5776747,0.35893938,0.8739136,0.5960345,0.48291194,0.63270986,0.7277751,0.5622447,0.5727272,1
0.20170538,0.11240599,0.18381113,0.21606845,0.6068322,0.48192772,0.52380407,0.5219676,0.74425524,0.90458184,0.6516057,0.6645386,0.4267879,0.60152894,0.5967298,0.24663828,0.67745906,0.4933575,0.32918087,0.9045886,0.576099,0.40905905,0.5705469,0.75179285,0.5669931,0.5138766,1
0.20170538,0.18331562,0.013490725,0.08816874,0.29817912,0.22168675,0.5252593,0.60544485,0.6443033,0.9284262,0.6828052,0.55887043,0.46873212,0.5858347,0.5824919,0.32684144,0.6641593,0.3526426,0.38489214,0.75258887,0.56439257,0.4549775,0.6111626,0.63366383,0.56770116,0.46499375,1
0.09186374,0.16941465,0.0067453627,0.08146523,0.31521514,0.21686748,0.4540231,0.6157968,0.6541039,0.9339631,0.67341805,0.56307757,0.58293015,0.6157439,0.5958714,0.34123695,0.64542484,0.29972902,0.33321947,0.6872421,0.57965046,0.4325047,0.5989712,0.5598661,0.59313023,0.41844717,1
0.030117193,0.09017398,0.0,0.07381423,0.38665995,0.0939759,0.27401978,0.6087144,0.77505046,0.8688722,0.72921264,0.6618466,0.7310684,0.69464874,0.64255846,0.35065344,0.7151457,0.494453,0.41663668,0.6662906,0.5869744,0.43798465,0.6636632,0.71700525,0.7141364,0.5314841,1
0.0124333175,0.031773433,0.030354131,0.14438759,0.53410655,0.3421687,0.17340416,0.56261265,0.83116865,0.78915566,0.7393366,0.69433874,0.66446865,0.65657574,0.6619313,0.2562494,0.6811468,0.588246,0.49373314,0.7157713,0.726543,0.61647534,0.7729963,0.77977246,0.6996213,0.5685851,1
0.027512917,0.01546284,0.096121415,0.20843336,0.6070611,0.45783132,0.17156558,0.5256716,0.7894616,0.7547126,0.66236496,0.6944502,0.6215886,0.5351863,0.60691273,0.22381927,0.62807095,0.53350097,0.47236818,0.7013744,0.742179,0.53229797,0.7136905,0.6774116,0.58085227,0.5766706,1
0.09497207,0.012131008,0.17537943,0.33924833,0.72024065,0.63373494,0.3991441,0.30086094,0.59876406,0.66436094,0.47013563,0.7011089,0.595731,0.6467256,0.5273752,0.38350287,0.5231515,0.71156347,0.37246448,0.660054,0.6104552,0.7072374,0.6970396,0.63242525,0.5306154,0.6224826,1
0.09497207,0.054712113,0.5261383,0.73186666,0.61766154,0.8457831,0.6189454,0.10372501,0.5530602,0.64205056,0.38531825,0.61614513,0.52332,0.84228146,0.622471,0.42141375,0.5366413,0.8230786,0.42270413,0.7995569,0.70806956,0.69162613,0.64966464,0.81008613,0.43248543,0.5302161,1
0.067417145,0.06644246,0.7251265,0.75272506,0.6209684,0.84819275,0.69654506,0.108126484,0.4812607,0.5856148,0.40009043,0.58261704,0.40819624,0.8602796,0.6735154,0.4281712,0.5187421,0.7417622,0.43505326,0.86546737,0.7314725,0.64010817,0.699243,0.99736786,0.3741068,0.39263532,1
0.67971605,0.04080293,0.48229343,0.5538722,0.66734564,0.773494,0.6517624,0.26119414,0.44827592,0.55659497,0.49032435,0.5991105,0.34034413,0.85938656,0.75514555,0.5163696,0.572095,0.59821683,0.26092702,0.6879942,0.64421505,0.48492151,0.60797,1.0,0.35257748,0.2858329,1
0.7161759,0.23678021,0.27487352,0.26113313,0.64110625,0.4698795,0.7656539,0.71073925,0.45642507,0.37184086,0.5339034,0.5974698,0.44875973,0.42543688,0.6161311,0.6281791,0.49553388,0.7672366,0.28980064,0.34910178,0.6627658,0.46307844,0.20592332,0.24756634,0.29113057,0.53346425,1
0.7161759,0.51421726,0.14165261,0.15101928,0.34373167,0.19277108,0.87881166,0.7249407,0.4030717,0.33538947,0.5239874,0.5161588,0.5864681,0.27398008,0.49858776,0.87628365,0.3572518,0.9357275,0.43413168,0.22679548,0.68053013,0.5332344,0.22408633,0.0060577434,0.36015904,0.59619766,1
0.69231737,0.6701226,0.07419899,0.1916342,0.45805255,0.36144578,0.8624727,0.62248147,0.3801491,0.32877165,0.4780194,0.4744358,0.6192701,0.21014127,0.42189777,1.0,0.38287485,0.93512315,0.5313644,0.19182602,0.73803705,0.5854251,0.3778149,0.0,0.41154265,0.5036678,1
0.63540137,0.67773247,0.064080946,0.16868429,0.4099975,0.34457833,0.80846727,0.5907426,0.38690314,0.29515484,0.44634655,0.54360414,0.5830143,0.11053398,0.3556936,0.93903613,0.31018302,0.77159774,0.636608,0.14583491,0.62653613,0.55018204,0.5775065,0.28818515,0.35141474,0.2407166,1
0.5734868,0.6269724,0.06576729,0.15185103,0.38250202,0.16385542,0.774508,0.64503723,0.43776318,0.22474986,0.48093918,0.66300255,0.54637074,0.06879541,0.31668565,0.9842552,0.2822702,0.76487017,0.6446142,0.21817778,0.55881673,0.48641592,0.59838206,0.5051862,0.35517246,0.17002934,1
0.51564664,0.5529416,0.062394604,0.13454664,0.35409203,0.14216867,0.7276405,0.6752669,0.48747435,0.22002167,0.5322422,0.72610027,0.493016,0.07799703,0.22220875,0.8782889,0.3130909,0.77065,0.5273525,0.30808738,0.60554314,0.3885036,0.40980837,0.6147195,0.5204214,0.22650692,1
0.33553156,0.42013383,0.04890388,0.10402128,0.25603133,0.12289157,0.6950533,0.72250676,0.46885958,0.20683895,0.510607,0.76190853,0.50106955,0.23240937,0.30940437,0.599936,0.36084527,0.6774856,0.5205411,0.32781997,0.5319382,0.29349682,0.32838923,0.62829757,0.5434962,0.2840537,1
0.25463098,0.31601807,0.037099496,0.06353337,0.23204008,0.084337346,0.59795797,0.7670974,0.49797025,0.3083593,0.5268172,0.75159335,0.5384657,0.35000712,0.4304023,0.36461425,0.46952432,0.48879418,0.48281586,0.41825297,0.35756946,0.203573,0.27753484,0.5951532,0.5521311,0.45784605,1
0.26992062,0.3582094,0.032040473,0.040818397,0.16818574,0.043373495,0.5101216,0.73769534,0.5719541,0.49002415,0.59028906,0.7072905,0.4695634,0.45453125,0.6038198,0.288108,0.4425024,0.45362005,0.40870166,0.18819903,0.09855515,0.23799415,0.3997412,0.6044007,0.5239517,0.39644045,1
0.566178,0.39714152,0.030354131,0.052259695,0.21466465,0.04819277,0.57124966,0.7109357,0.5195806,0.56681514,0.5944221,0.6534063,0.48410693,0.3895857,0.4653447,0.43033317,0.55507034,0.44126752,0.36515948,0.17716166,0.15352233,0.41572043,0.47950205,0.56529695,0.517511,0.49181864,1
0.62145585,0.45471522,0.0539629,0.09306656,0.21709873,0.1493976,0.7793506,0.7375913,0.3678024,0.5696962,0.5680981,0.43260086,0.5535912,0.123211354,0.25242165,0.7862671,0.44283697,0.3650147,0.38810894,0.47627437,0.3902886,0.46530733,0.3538438,0.7271985,0.4590405,0.5758467,1
0.62145585,0.50976336,0.116357505,0.18270686,0.35060462,0.3421687,0.85865,0.6548623,0.27387786,0.5524519,0.60167825,0.2756586,0.5877439,0.041730843,0.34179184,0.8841654,0.3026021,0.46393853,0.39151827,0.57163393,0.5026204,0.2104801,0.5403502,0.7728521,0.3284484,0.528724,1
0.5074138,0.49240145,0.15514334,0.21082352,0.38628912,0.35903615,0.83829623,0.5527256,0.22321625,0.53412694,0.6303708,0.23111458,0.56184053,0.1875827,0.530951,0.9333794,0.27482158,0.54948276,0.49188718,0.6226437,0.5737348,0.0067523425,0.5870126,0.7174702,0.12064924,0.41705534,1
0.3321712,0.40323654,0.10623946,0.18941037,0.44276017,0.33493975,0.808751,0.62638146,0.3236314,0.5092956,0.6771269,0.31175303,0.5503806,0.21535578,0.49403223,0.8468457,0.22312541,0.39675778,0.33305952,0.50396967,0.5709555,0.019442003,0.5589609,0.79693496,0.08677581,0.49648204,1
0.21434872,0.32188773,0.040472176,0.049604855,0.11353688,0.09638554,0.6693473,0.735013,0.41239506,0.5082248,0.66690874,0.40139142,0.549166,0.21103103,0.5783709,0.7994586,0.26037776,0.369721,0.23756848,0.43734598,0.4807818,0.0202864,0.4976856,0.71467525,0.16570078,0.56218624,1
0.19826102,0.2800067,0.023608768,0.034658317,0.07630833,0.053012047,0.4738616,0.8208888,0.48201883,0.5815563,0.65709305,0.5973505,0.41294125,0.29058138,0.81990886,0.46510673,0.47448292,0.35199755,0.115903154,0.32570466,0.46139184,0.118536845,0.5042228,0.3558909,0.27680087,0.68309635,1
0.116352335,0.20179814,0.020236088,0.027634947,0.09018683,0.036144577,0.4449055,0.84253055,0.58711576,0.6149787,0.6814686,0.6175416,0.45837936,0.3377716,0.7879675,0.46261418,0.50023335,0.22035152,0.14200425,0.35727388,0.3839026,0.16599733,0.5383507,0.537799,0.39448744,0.57002854,1
0.05275759,0.10217488,0.043844856,0.082473084,0.27426326,0.15662651,0.41920388,0.7557725,0.6298472,0.71788013,0.7024361,0.47028768,0.5334896,0.4837539,0.64083296,0.41665193,0.47751933,0.16104652,0.42432687,0.5407309,0.24813418,0.15730405,0.66549003,0.69982016,0.37680396,0.51012105,1
0.013609443,0.04392662,0.0910624,0.22111359,0.5830602,0.38554215,0.3390823,0.631805,0.6487982,0.78948575,0.7262909,0.34243706,0.4506838,0.55038726,0.6012843,0.27528363,0.4980056,0.3560984,0.59304035,0.5927358,0.34448364,0.28791484,0.7587768,0.7845614,0.40741253,0.54801404,1
0.011593229,0.014295757,0.0994941,0.21154651,0.59555495,0.3759036,0.2190172,0.5454675,0.6635779,0.76434535,0.7032732,0.3287791,0.43399844,0.6259394,0.59823906,0.12630348,0.60392636,0.52226233,0.41001913,0.48586276,0.5093634,0.53778934,0.7570564,0.72482115,0.62169707,0.71474534,1
0.24959046,0.009891064,0.153457,0.34944168,0.7504297,0.6698795,0.2243232,0.4677617,0.65610105,0.715462,0.6674013,0.26574016,0.5347178,0.6298677,0.6325068,0.04641815,0.64585865,0.6129426,0.3520166,0.45543078,0.69311816,0.53852004,0.71163833,0.76447976,0.594796,0.81946576,1
0.6539253,0.100448534,0.22428331,0.4217868,0.88012004,0.8506024,0.5710403,0.50196916,0.5387879,0.8937009,0.7773687,0.14636713,0.5632203,0.47597447,0.53902406,0.0,0.4175974,0.55866313,0.40609616,0.2943192,0.50185305,0.5256761,0.6260902,0.39497578,0.41518512,0.73865426,1
0.6539253,0.4063538,0.13153458,0.20174378,0.43853238,0.35180724,0.7850229,0.51557034,0.4231184,0.8944911,0.76993495,0.13345468,0.48732013,0.42036927,0.44782466,0.11181644,0.31662327,0.661806,0.45412007,0.31381956,0.48580524,0.544956,0.64218533,0.3518128,0.49021992,0.7469096,1
0.62401813,0.6282361,0.040472176,0.23272294,0.46898687,0.36385542,0.85930693,0.474822,0.37185615,0.8276299,0.73703027,0.093317986,0.4482116,0.4358647,0.43083054,0.26332512,0.28627256,0.85247195,0.5079499,0.33520845,0.543993,0.41202384,0.75537235,0.31100002,0.45439857,0.8055685,1
0.6175495,0.6641222,0.047217537,0.22183403,0.45893472,0.35903615,0.85266405,0.46856466,0.3531984,0.76549286,0.72195613,0.06397675,0.39680552,0.5002566,0.44871178,0.38517165,0.26968405,0.9304879,0.4370981,0.35443506,0.56735194,0.2826671,0.8479257,0.32213086,0.32411534,0.81564504,1
0.36674088,0.5058048,0.037099496,0.17604184,0.4218879,0.31084338,0.80560035,0.55371904,0.39194563,0.7729071,0.7753894,0.11789537,0.37215427,0.4781229,0.42306244,0.41567233,0.24691403,0.7158013,0.35917333,0.3748354,0.45934358,0.07167149,0.77364165,0.42033792,0.3473757,0.7464758,1
0.11866258,0.2488368,0.013490725,0.08610459,0.2654044,0.17831326,0.63904357,0.6588986,0.4516423,0.76696366,0.79473656,0.24158497,0.41823843,0.51552397,0.4796452,0.48050955,0.37934503,0.409594,0.38098148,0.3931478,0.4111964,0.005984789,0.6508581,0.57137996,0.45640305,0.5750791,1
0.058470197,0.092095196,0.023608768,0.06267518,0.2807381,0.060240965,0.3505043,0.703187,0.65511256,0.7225379,0.799854,0.5020113,0.36721054,0.6637339,0.6989253,0.31806114,0.5831895,0.39652404,0.43012792,0.53373355,0.38464567,0.42389643,0.5457999,0.5603707,0.49671805,0.3286257,1
0.0651069,0.037536535,0.121416524,0.28572893,0.71273947,0.62168676,0.4800596,0.43347937,0.6721351,0.6135216,0.6413944,0.6867227,0.42607635,0.7918677,0.53224754,0.17168476,0.6056998,0.44998258,0.44773406,0.7368877,0.45175332,0.609463,0.45834467,0.42090106,0.5539293,0.73227584,1
0.097702354,0.040444203,0.4890388,0.59430814,0.8699218,0.8722892,0.62075675,0.24827492,0.6836834,0.48564178,0.5521918,0.7212317,0.40749848,0.7443028,0.60082364,0.11325021,0.5920497,0.4145838,0.42200595,0.7265269,0.38738424,0.5181836,0.4021556,0.40338266,0.56931126,0.79269356,1
0.45810056,0.078938745,0.9342327,0.9462,0.6162516,1.0,0.65911454,0.08630803,0.7674495,0.4604413,0.5257583,0.8007989,0.3255826,0.6787133,0.702477,0.13402332,0.6087004,0.42576152,0.40440235,0.81531215,0.45208555,0.5690503,0.42912126,0.48489147,0.48827833,0.72730196,1
0.7969925,0.20014113,0.78246206,0.8732777,0.71291256,0.9807229,0.83493084,0.30935922,0.8374149,0.44752753,0.40745994,0.7377803,0.3093958,0.44749615,0.47520387,0.21738873,0.7143858,0.47563168,0.37439802,0.6775338,0.36092803,0.5888157,0.50943905,0.41786984,0.1295945,0.45689198,1
0.85416055,0.50881535,0.26306915,0.16111201,0.4330398,0.3253012,0.9233994,0.5334469,0.6273004,0.44422737,0.2985386,0.60706425,0.62682015,0.41353709,0.19615549,0.38948473,0.82396346,0.50813365,0.56628275,0.5692097,0.23097536,0.6433464,0.4481162,0.41611424,0.21137139,0.41961098,1
0.85416055,0.7478718,0.064080946,0.13673188,0.22561315,0.25060242,0.88126904,0.7014479,0.34680533,0.4179072,0.2515358,0.44546127,0.8707506,0.48797515,0.15852779,0.58867335,0.76004726,0.6932041,0.69316477,0.584998,0.21540794,0.5329225,0.38679934,0.49744242,0.25208342,0.45838812,1
0.6029319,0.6988107,0.089376055,0.13573006,0.20839165,0.18313253,0.82134974,0.69166017,0.27407727,0.33948544,0.18192829,0.39125755,0.9394544,0.6680847,0.23959187,0.57773054,0.7125542,0.59035385,0.8333167,0.56465286,0.1047371,0.4031357,0.32085782,0.46675837,0.34977624,0.47076276,1
0.5462259,0.48508957,0.0994941,0.13466223,0.1804104,0.28674698,0.74766475,0.71120954,0.28746644,0.38747025,0.1351935,0.37153792,1.0,0.675571,0.27694577,0.5554664,0.60224026,0.3707668,0.96218586,0.63630986,0.18037097,0.48967686,0.30598572,0.35154736,0.57733667,0.54315114,1
0.42210275,0.37914425,0.08768971,0.1182919,0.18069354,0.18313253,0.6885472,0.73923135,0.38791493,0.45143223,0.10275003,0.3300346,0.9242839,0.7335472,0.42312348,0.6006402,0.48461258,0.12544756,0.87040895,0.627879,0.24025443,0.6023995,0.3176035,0.1727884,0.6426989,0.5531659,1
0.31184104,0.33674526,0.075885326,0.09649018,0.20542152,0.09638554,0.64805406,0.7523647,0.49879643,0.47206107,0.15649065,0.31584564,0.7225332,0.6900595,0.5533117,0.6586739,0.48345485,0.15869792,0.66373754,0.47019807,0.3028481,0.66978353,0.36881718,0.19152516,0.48944038,0.47667778,1
0.30411223,0.31874582,0.06745362,0.085704215,0.22221692,0.07951807,0.63411313,0.7418963,0.52167743,0.42187455,0.2658912,0.47663704,0.69951636,0.6213542,0.5663434,0.47483858,0.40219116,0.32933584,0.6101291,0.49995768,0.3320072,0.42074767,0.2971912,0.37169048,0.35942802,0.46141285,1
0.23997144,0.3084126,0.04890388,0.07496053,0.19906716,0.08674699,0.62083256,0.78106785,0.51646554,0.404228,0.39067477,0.62336063,0.659948,0.5500287,0.47676182,0.2718416,0.38775796,0.38201562,0.54592025,0.5817563,0.36248094,0.24128306,0.39795437,0.48358953,0.25435603,0.56548786,1
0.20523375,0.30350286,0.032040473,0.032716837,0.13433145,0.038554218,0.53011334,0.81334615,0.56473565,0.44619104,0.51340145,0.68342704,0.5745167,0.48021457,0.49969482,0.3437063,0.5383629,0.46017796,0.42106685,0.386383,0.17779973,0.13533676,0.46403036,0.5190113,0.2784556,0.57538396,1
0.18788591,0.27171496,0.0151770655,0.025206067,0.13168383,0.024096385,0.43297648,0.7949076,0.6870248,0.52006257,0.5808816,0.66768515,0.4974825,0.46834335,0.56950945,0.3891813,0.6762407,0.40000895,0.21952678,0.23968743,0.20269321,0.35230145,0.5803243,0.38929296,0.193792,0.44749543,1
0.7696056,0.17537282,0.02866779,0.05902334,0.30725676,0.038554218,0.5787429,0.657546,0.5454731,0.7731593,0.7034124,0.56312877,0.28776842,0.7022809,0.5629568,0.23292516,0.63402677,0.17445052,0.66437095,0.6699242,0.20557427,0.44199005,0.6880109,0.5137779,0.26506963,0.48759857,1
0.7696056,0.41147152,0.043844856,0.14426897,0.3328827,0.27710843,0.8164086,0.6855002,0.38391304,0.74239826,0.6870074,0.3304528,0.14608216,0.546265,0.5656215,0.27906546,0.6015701,0.3195635,0.7806354,0.7755098,0.18686633,0.4480763,0.64309824,0.44104418,0.17208494,0.5250365,1
0.7350779,0.63614684,0.05564924,0.14595845,0.21828082,0.24096386,0.9309313,0.74255437,0.2094314,0.58776665,0.60554576,0.14102839,0.15499763,0.4989226,0.6062047,0.38865608,0.6472862,0.4642807,0.71257913,0.80385035,0.17452282,0.31567657,0.60177237,0.3175795,0.16175905,0.5005538,1
0.6823203,0.6348123,0.09780776,0.16062301,0.13758786,0.24578314,0.9489437,0.78942007,0.087787576,0.48453656,0.5607428,0.07839777,0.15082613,0.6420722,0.689,0.5102528,0.746317,0.46810588,0.57422626,0.8145667,0.11974648,0.19859034,0.60287446,0.44613633,0.17027245,0.5235148,1
0.6290167,0.50383306,0.121416524,0.1672928,0.13646954,0.24819277,0.8926535,0.78787416,0.0030684927,0.40341297,0.5789785,0.13161647,0.20783225,0.81625366,0.80460954,0.5745094,0.83595395,0.41993335,0.36313966,0.80203575,0.06429883,0.07371323,0.58262944,0.61242884,0.16489144,0.575517,1
0.60709035,0.43248656,0.123102866,0.16723312,0.14562641,0.25783134,0.85424554,0.7654221,0.021722883,0.46564546,0.607681,0.20460376,0.35407948,0.7211756,0.8142924,0.65205574,0.869538,0.411681,0.31908083,0.90421516,0.24165264,0.060559485,0.5231851,0.7255657,0.27429917,0.6020585,1
0.53496873,0.41177157,0.09780776,0.14673062,0.14841849,0.24096386,0.8686881,0.7978988,0.11590911,0.4744455,0.59566337,0.27571887,0.31811923,0.58922136,0.6702009,0.62185675,0.85100704,0.36737484,0.39159152,0.9389002,0.40773964,0.13595322,0.4507597,0.69558954,0.32574388,0.66885626,1
0.27420506,0.29324996,0.07925801,0.14334317,0.29526797,0.24819277,0.8546368,0.69498855,0.38657412,0.49641898,0.6543024,0.516262,0.21056339,0.6703689,0.5540128,0.6412904,0.87852174,0.3663792,0.48835328,0.9107058,0.5506746,0.26314878,0.476706,0.73188454,0.3463248,0.7307223,1
0.10324694,0.13281088,0.386172,0.57467043,0.92020106,0.8385542,0.7782097,0.45146295,0.7897351,0.45317343,0.6092315,0.7521904,0.16351122,0.7884111,0.59994817,0.588232,0.8900716,0.44245943,0.5091809,0.87830544,0.52910656,0.48489273,0.5449183,0.82425267,0.45753455,0.6893898,1
0.083252825,0.0881236,0.84822935,0.85326046,0.69709975,0.9060241,0.68896574,0.24061598,0.8725871,0.39393687,0.48121998,0.8503935,0.31152728,1.0,0.8114619,0.64345133,0.8660268,0.605673,0.6103612,0.75583655,0.3534136,0.35732868,0.47825494,0.70744187,0.31000736,0.63768554,1
0.05510984,0.06581854,0.78752106,0.8518943,0.6811622,0.9012048,0.60202247,0.19386593,0.87337315,0.43138194,0.46983343,0.8421037,0.28171524,0.86692804,0.653601,0.4619885,0.7520014,0.57743233,0.63800865,0.70171016,0.36988816,0.47900772,0.5127405,0.66411024,0.3235759,0.7186638,1
0.025916748,0.020465612,0.38448566,0.5480814,0.90304035,0.8457831,0.43469054,0.2802803,0.85070646,0.46151906,0.48012495,0.75008714,0.20040964,0.6845133,0.5380649,0.3926741,0.7222641,0.5607545,0.5778771,0.65293205,0.37305242,0.54138124,0.43992153,0.57721317,0.44062933,0.8932318,1
0.14579746,0.011219471,0.25463745,0.41851693,0.85033005,0.76626503,0.37259993,0.37191075,0.66042465,0.39366096,0.5158205,0.6705238,0.21180782,0.72211,0.5765441,0.36878735,0.6636258,0.53399503,0.56141365,0.63053316,0.457248,0.6007017,0.54828036,0.65145856,0.49601936,0.7901349,1
0.37005922,0.0497297,0.539629,0.7785575,0.7501655,0.886747,0.592568,0.38772994,0.7585117,0.6040539,0.64196247,0.72412276,0.30125126,0.7981889,0.54619306,0.43983224,0.66221833,0.31683508,0.51134,0.7801907,0.42769495,0.44440356,0.58425146,0.7707169,0.3859682,0.6044021,1
0.37005922,0.19823503,0.41652614,0.22649454,0.6051278,0.5060241,0.73248726,0.51695436,0.64100605,0.7627532,0.76366085,0.5602904,0.20448107,0.7066886,0.41410375,0.38687497,0.70991373,0.2635365,0.528248,0.9434777,0.4534533,0.32929105,0.6232833,0.80173814,0.35387564,0.5116034,1
0.34116015,0.26945886,0.09274874,0.14525537,0.27767563,0.27228916,0.7278126,0.6657721,0.4325102,0.8346759,0.80059916,0.38804618,0.29933855,0.69496506,0.48607415,0.33532733,0.72751796,0.3807404,0.54417354,0.9468117,0.48986465,0.3404491,0.6968026,0.81710744,0.3037317,0.5697095,1
0.17247029,0.22783832,0.05733558,0.11444844,0.26862437,0.25060242,0.6408709,0.6961151,0.39852482,0.8135592,0.8216517,0.3330831,0.3312545,0.7585824,0.57183534,0.35347772,0.7704145,0.41349956,0.47133204,0.8508233,0.47895518,0.29738897,0.7005431,0.8459681,0.30060536,0.5369579,1
0.26462805,0.16816795,0.018549748,0.060640756,0.25044367,0.1373494,0.496384,0.71661735,0.52668196,0.72016484,0.8783673,0.46957153,0.36055374,0.8996956,0.7524697,0.49293908,0.82185125,0.34518632,0.22842759,0.7414271,0.5275106,0.15785146,0.5884544,0.8468434,0.4807789,0.5763789,1
0.31175706,0.17443548,0.037099496,0.06824776,0.23665611,0.15421687,0.53703374,0.7277942,0.41937873,0.7796106,0.879019,0.4152619,0.39228532,0.6793482,0.7957412,0.51062995,0.6783363,0.4788884,0.4258311,0.7245564,0.5266898,0.19432172,0.62907726,0.9028383,0.39101705,0.53353816,1
0.3264166,0.2011984,0.075885326,0.14198017,0.26828513,0.26506025,0.6430322,0.6815141,0.32462913,0.893084,0.8160628,0.24298145,0.42822167,0.6296195,0.7765367,0.35879934,0.6465514,0.7039596,0.58096343,0.74133325,0.42196932,0.26364824,0.7109228,0.8821725,0.24119511,0.66981965,1
0.3264166,0.21803068,0.10286678,0.1666287,0.29120117,0.2819277,0.6591205,0.636248,0.33983055,0.95475984,0.7980241,0.17844051,0.4515895,0.70495117,0.7771759,0.24872546,0.6661921,0.89219975,0.5825816,0.67173594,0.45808223,0.41585216,0.7757291,0.73781455,0.19439337,0.8392667,1
0.28449616,0.20927021,0.069139965,0.16471235,0.28804746,0.28433734,0.6266141,0.61101437,0.3625288,1.0,0.81478125,0.19897352,0.4649912,0.8108681,0.74260354,0.19094236,0.69296277,0.9216652,0.5210556,0.5973397,0.5258709,0.41828683,0.7023385,0.60857654,0.24112064,0.8969295,1
0.19032218,0.17683114,0.040472176,0.13911922,0.2787642,0.2746988,0.5816456,0.6380181,0.36617687,0.9698831,0.7968066,0.25086653,0.4610369,0.8983594,0.7721145,0.19896838,0.72411495,0.864599,0.5137889,0.618491,0.49911267,0.41332296,0.6948949,0.58033717,0.27671048,0.9090913,1
0.08602512,0.14400455,0.016863406,0.113506734,0.24256074,0.25060242,0.49571836,0.6797536,0.4034978,0.9292747,0.78946537,0.31834182,0.4832754,0.8785224,0.86969227,0.2191022,0.6806986,0.79029727,0.51522076,0.581712,0.48157123,0.38021863,0.71016806,0.52970666,0.32746893,0.9360042,1
0.035031714,0.09556789,0.018549748,0.059215847,0.23112762,0.16867469,0.34988979,0.6690488,0.5231725,0.81609577,0.86183155,0.45194793,0.5618579,0.869685,0.90596694,0.30001807,0.7116691,0.78932726,0.5372581,0.63431156,0.5587638,0.3800002,0.6599269,0.45917878,0.33853725,0.899017,1
0.015919687,0.03791894,0.05564924,0.109000534,0.3545529,0.21204819,0.25826997,0.65414387,0.64460784,0.65994376,0.7779635,0.559263,0.5246835,0.797642,0.88013625,0.34418002,0.7331913,0.7159766,0.66415966,0.80307525,0.71659046,0.5664553,0.64847076,0.6647441,0.52088386,0.5677944,1
0.008232873,0.010648473,0.11467116,0.19124857,0.40573293,0.3060241,0.2494,0.6292726,0.57435614,0.5337157,0.66708016,0.52274406,0.4467876,0.6660584,0.85474414,0.4534132,0.7344576,0.5260923,0.54550964,0.7963452,0.69955546,0.49927777,0.72634166,0.89572906,0.64076614,0.5542719,1
0.005292561,0.006608166,0.13490725,0.19282493,0.3916665,0.2987952,0.21024503,0.5786773,0.53409994,0.45808998,0.60159993,0.47570312,0.38368186,0.5963209,0.8011649,0.43740624,0.7323721,0.42500475,0.5360355,0.8245044,0.6424458,0.51208663,0.75979453,0.9566146,0.7457115,0.72040546,1
0.0033603562,0.004390794,0.12816189,0.20781407,0.43594635,0.3421687,0.15601046,0.5325792,0.5887414,0.46227145,0.5960172,0.50716525,0.38675982,0.6029267,0.7877603,0.41034323,0.7781867,0.5515399,0.60035175,0.86376953,0.708284,0.5559661,0.67335755,0.87201905,0.84712225,0.77235395,1
0.001764187,0.002747854,0.11973018,0.21777645,0.47475144,0.35180724,0.110370055,0.48224324,0.60782266,0.46847978,0.6430999,0.59830004,0.38865274,0.5692055,0.7945713,0.38900104,0.7540122,0.58445543,0.69986254,0.9634949,0.7695183,0.55369353,0.59402674,0.79999536,0.9248604,0.80846745,1
